date,dispatching,job_type,assign,gsf,operator,foreman,start
8/17/2026,Cumberland,Road Closure,5,No,,"Thompson, Greg",7:00 AM
8/17/2026,Cumberland,Lane Shift,4,No,,"Morgan, Mitchell",7:00 AM
8/17/2026,Cumberland,Manual Flagging,1,No,,"Stutzman, Marty",7:00 AM
8/17/2026,Cumberland,Guardian SmartFlagging,3,Yes,"Bailey, Robert","Santos, Santos",7:00 AM
8/17/2026,Cumberland,Manual Flagging,2,No,,"Deitke, Trisha",7:00 AM
8/17/2026,Cumberland,Manual Flagging,2,No,,"..., Cowan",7:00 AM
8/17/2026,Cumberland,Lane Closure,2,Yes,"Layton, Charles","Riggleman, Todd",7:00 AM
8/17/2026,Cumberland,Off-Road Work,4,No,,"Johnston, Walker",7:00 AM
8/17/2026,Cumberland,Off-Road Work,1,No,,"Lancaster, Dawn",7:00 AM
8/17/2026,Cumberland,Manual Flagging,1,No,,"Lancaster, Dawn",7:00 AM
8/17/2026,Cumberland,Guardian SmartFlagging,2,Yes,"Manning, Aaron","Fischer, Talisha",7:00 AM
8/17/2026,Cumberland,Manual Flagging,2,No,,"Lancaster, Chad",10:00 AM
8/17/2026,Cumberland,Mobile,6,No,,"Bard, JR",8:00 PM
8/18/2026,Cumberland,Manual Flagging,6,No,,"Busserd, Jud",6:30 AM
8/18/2026,Cumberland,Manual Flagging,2,No,,"Conrad, Troy",6:30 AM
8/18/2026,Cumberland,Manual Flagging,5,No,,"Thompson, Greg",7:00 AM
8/18/2026,Cumberland,Lane Shift,4,No,,"Morgan, Mitchell",7:00 AM
8/18/2026,Cumberland,Guardian SmartFlagging,3,Yes,"Bailey, Robert","Santos, Santos",7:00 AM
8/18/2026,Cumberland,Manual Flagging,2,No,,"..., Cowan",7:00 AM
8/18/2026,Cumberland,Lane Closure,2,Yes,"Layton, Charles","Riggleman, Todd",7:00 AM
8/18/2026,Cumberland,Manual Flagging,3,No,,"Johnston, Walker",7:00 AM
8/18/2026,Cumberland,Manual Flagging,3,No,,"Lancaster, Chad",8:00 AM
8/18/2026,Cumberland,Manual Flagging,4,No,,"Lawson, Aaron",8:00 AM
8/18/2026,Cumberland,Manual Flagging,2,Yes,"Manning, Aaron","Lawson, Aaron",8:00 AM
8/18/2026,Cumberland,Manual Flagging,3,No,,"Smith, Andrea",8:30 AM
8/18/2026,Cumberland,Mobile,6,No,,"Bard, JR",8:00 PM
8/19/2026,Cumberland,Manual Flagging,6,No,,"Busserd, Jud",6:30 AM
8/19/2026,Cumberland,Manual Flagging,4,No,,"Thompson, Greg",7:00 AM
8/19/2026,Cumberland,Lane Shift,4,No,,"Morgan, Mitchell",7:00 AM
8/19/2026,Cumberland,Manual Flagging,2,No,,"Stutzman, Marty",7:00 AM
8/19/2026,Cumberland,Guardian SmartFlagging,3,Yes,"Bailey, Robert","Santos, Santos",7:00 AM
8/19/2026,Cumberland,Manual Flagging,2,No,,"., Campbell",7:00 AM
8/19/2026,Cumberland,Manual Flagging,2,No,,"Keller, Ed",7:00 AM
8/19/2026,Cumberland,Manual Flagging,4,No,,"Johnston, Walker",7:00 AM
8/19/2026,Cumberland,Manual Flagging,2,No,,"Fischer, Talisha",7:00 AM
8/19/2026,Cumberland,Lane Closure,5,No,,"Colbert, Aaron",7:30 AM
8/19/2026,Cumberland,Mobile,6,No,,"Bard, JR",8:00 PM
8/20/2026,Cumberland,Lane Closure,3,No,,"Hagerty, Nathan",6:00 AM
8/20/2026,Cumberland,Staging,4,No,,"Morgan, Mitchell",7:00 AM
8/20/2026,Cumberland,Guardian SmartFlagging,3,Yes,"Bailey, Robert","Santos, Santos",7:00 AM
8/20/2026,Cumberland,Manual Flagging,2,No,,"Keller, Ed",7:00 AM
8/20/2026,Cumberland,Manual Flagging,2,No,,"., Campbell",7:00 AM
8/20/2026,Cumberland,Manual Flagging,4,No,,"Johnston, Walker",7:00 AM
8/20/2026,Cumberland,Manual Flagging,3,No,,"Wicah, MICAH",7:15 AM
8/20/2026,Cumberland,Guardian SmartFlagging,2,Yes,"Fair, William","Alt, Billy",7:30 AM
8/20/2026,Cumberland,Manual Flagging,2,No,,"O, Freddie",8:00 AM
8/20/2026,Cumberland,Mobile,6,No,,"Bard, JR",8:00 PM
8/21/2026,Cumberland,Manual Flagging,9,No,,"Busserd, Jud",6:30 AM
8/21/2026,Cumberland,Manual Flagging,4,No,,"Thompson, Greg",7:00 AM
8/21/2026,Cumberland,Manual Flagging,2,No,,"Stutzman, Marty",7:00 AM
8/21/2026,Cumberland,Manual Flagging,2,No,,"., Campbell",7:00 AM
8/21/2026,Cumberland,Manual Flagging,4,No,,"Johnston, Walker",7:00 AM
8/21/2026,Cumberland,Manual Flagging,5,No,,"Colbert, Aaron",7:30 AM
8/21/2026,Cumberland,Guardian SmartFlagging,2,Yes,"Manning, Aaron","O, Freddie",8:00 AM
8/21/2026,Cumberland,Internal Labour,1,No,,"Lancaster, Dawn",8:00 AM
8/21/2026,Cumberland,Internal Labour,1,No,,"Lancaster, Dawn",8:00 AM
8/21/2026,Cumberland,Internal Labour,1,No,,"Lancaster, Dawn",8:00 AM
8/21/2026,Cumberland,Internal Labour,1,No,,"Lancaster, Dawn",8:00 AM
8/21/2026,Cumberland,Internal Labour,1,No,,"Lancaster, Dawn",8:00 AM
8/21/2026,Cumberland,Internal Labour,1,No,,"Lancaster, Dawn",8:00 AM
8/21/2026,Cumberland,Internal Labour,1,No,,"Lancaster, Dawn",8:00 AM
8/21/2026,Cumberland,Internal Labour,1,No,,"Lancaster, Dawn",8:00 AM
8/21/2026,Cumberland,Mobile,6,No,,"Bard, JR",8:00 PM
8/22/2026,Cumberland,Manual Flagging,6,No,,"., Campbell",6:00 AM
8/22/2026,Cumberland,Manual Flagging,6,No,,"., Campbell",6:00 AM
8/22/2026,Cumberland,Mobile,6,No,,"Bard, JR",8:00 PM
8/23/2026,Cumberland,Road Closure,5,No,,"., Campbell",6:00 AM
8/23/2026,Cumberland,Manual Flagging,5,No,,"., Campbell",6:00 AM
8/23/2026,Cumberland,Manual Flagging,6,No,,"Bard, JR",6:00 PM
