Client,Sub-Contractor,Job Type,Staff Requested,Staff Sent,Saved,GSF Sent
6 Columbia Gas of PA Inc,,5 Manual Flagging; 1 Road Closure,19,19,0,0
2 Columbia Gas of PA Inc,2 Miller Pipeline - PA,1 Lane Closure; 1 Manual Flagging,4,4,0,0
4 Henkels & McCoy/MasTec,,3 Manual Flagging; 1 Off-Road Work,8,8,0,0
38 J.W. Didado,,25 Manual Flagging; 4 Arrow Board; 4 Off-Road Work; 3 Road Closure; 1 Guardian SmartFlagging; 1 Lane Closure,167,154,4,12
1 Joseph B Fay Co.,,1 Lane Closure,2,2,0,0
4 Marous Brothers Construction,,4 Rental,4,4,0,0
5 Michels Corp,,5 Rental,5,5,0,0
57 Peoples Natural Gas,,36 Manual Flagging; 10 Road Closure; 6 Lane Closure; 3 Arrow Board; 1 Maintenance of Traffic; 1 Off-Road Work,165,161,0,0
5 Peoples Natural Gas,5 D & M Contracting,5 Manual Flagging,15,15,0,0
2 Peoples Natural Gas,2 Liberty Fuel & Supply Co,1 Lane Shift; 1 Manual Flagging,6,6,0,0
3 SET,,3 Manual Flagging,8,6,2,2
1 Wilson Excavating & Utility Construction,,1 Guardian SmartFlagging,2,1,1,2
6 Wright Traffic Control,,4 Internal Labour; 1 Arrow Board; 1 Road Closure,6,6,0,0
Totals,,,411,391,7,16
17-Aug-26 through 23-Aug-26
