date,dispatching,job_number,location,start,job_type,gsf,operator,assign
9/9/2026,Washington,200009607-1403,Martins Ferry OH,6:30 AM,Manual Flagging,No,,2
9/9/2026,Washington,200009607-1406,Saint Clairsville OH,6:30 AM,Manual Flagging,No,,2
9/9/2026,Washington,750247903-35,PARKERSBURG WV,6:30 AM,Manual Flagging,No,,2
9/9/2026,Washington,200009607-1407,WHEELING WV,7:00 AM,Manual Flagging,No,,2
9/9/2026,Washington,25144-171,Barnesville OH,7:00 AM,Guardian SmartFlagging,Yes,"Staub, Michael",1
9/9/2026,Washington,TEI2026-131,Eighty Four PA,7:00 AM,Manual Flagging,No,,2
9/9/2026,Washington,TEI2026-132,WEST ALEXANDER  PA,7:00 AM,Manual Flagging,No,,2
9/9/2026,Washington,CW2586273-11034,Oakdale  PA,7:00 AM,Manual Flagging,No,,2
9/9/2026,Washington,CW2586273-11002,Burgettstown  PA,7:00 AM,Manual Flagging,No,,2
9/9/2026,Washington,CW2586273-10997,"Washington, PA",7:00 AM,Arrow Board,No,,3
9/9/2026,Washington,WPA-Shadow-88,WHEELING WV,7:00 AM,Manual Flagging,No,,1
9/9/2026,Washington,24442-50,Hanover  PA,7:30 AM,Manual Flagging,No,,2
9/9/2026,Washington,HH2595-44,MARION CENTER  PA,8:00 AM,Maintenance of Traffic,No,,2
9/9/2026,Washington,24104-190,Caldwell OH,8:00 AM,Guardian SmartFlagging,Yes,"Whitacre, Joseph",1
9/9/2026,Washington,CW2586273-11003,CARNEGIE PA,6:30 AM,Mobile,No,,2
9/9/2026,Washington,CW2586273-11004,Pittsburgh PA,6:30 AM,Road Closure,No,,4
9/9/2026,Washington,2513-39,POINT MARION PA,7:00 AM,Manual Flagging,No,,4
